keyword,landing_url
FCL,ocean.html
FORWARDER,services.html
FORWARDING,services.html
LA물류,ocean.html
LA수입,ocean.html
LA수출,ocean.html
LA운송,ocean.html
LA컨테이너,ocean.html
LA컨테이너운송,ocean.html
LA포워더,services.html
LA포워딩,services.html
LA항공수입,air.html
LA항공수출,air.html
LA항공운송,air.html
LA해상수입,ocean.html
LA해상수출,ocean.html
LA해상운송,ocean.html
LA해운,ocean.html
LA해운수입,ocean.html
LA해운수출,ocean.html
LCL,ocean.html
UAE물류,ocean.html
UAE수입,ocean.html
UAE수출,ocean.html
UAE운송,ocean.html
UAE컨테이너,ocean.html
UAE컨테이너운송,ocean.html
UAE포워더,services.html
UAE포워딩,services.html
UAE항공수입,air.html
UAE항공수출,air.html
UAE항공운송,air.html
UAE해상수입,ocean.html
UAE해상수출,ocean.html
UAE해상운송,ocean.html
UAE해운,ocean.html
UAE해운수입,ocean.html
UAE해운수출,ocean.html
강판수입,project.html
강판수출,project.html
강판수출입,project.html
광저우물류,ocean.html
광저우수입,ocean.html
광저우수출,ocean.html
광저우운송,ocean.html
광저우컨테이너,ocean.html
광저우컨테이너운송,ocean.html
광저우포워더,services.html
광저우포워딩,services.html
광저우항공수입,air.html
광저우항공수출,air.html
광저우항공운송,air.html
광저우해상수입,ocean.html
광저우해상수출,ocean.html
광저우해상운송,ocean.html
광저우해운,ocean.html
광저우해운수입,ocean.html
광저우해운수출,ocean.html
구매대행,services.html
구조물수입,project.html
구주항공수입,air.html
구주항공수출,air.html
구주해상수입,ocean.html
구주해상수출,ocean.html
구주해운수입,ocean.html
구주해운수출,ocean.html
국제물류,ocean.html
국제물류견적,contact.html
국제물류운송,ocean.html
국제운송,ocean.html
국제운송견적,contact.html
국제항공운송,air.html
국제항공화물,air.html
국제항공화물운송,air.html
국제화물운송,ocean.html
기계수출포장,services.html
기업물류,ocean.html
네덜란드물류,ocean.html
네덜란드수입,ocean.html
네덜란드수출,ocean.html
네덜란드운송,ocean.html
네덜란드컨테이너,ocean.html
네덜란드컨테이너운송,ocean.html
네덜란드포워더,services.html
네덜란드포워딩,services.html
네덜란드항공수입,air.html
네덜란드항공수출,air.html
네덜란드항공운송,air.html
네덜란드해상,ocean.html
네덜란드해상수입,ocean.html
네덜란드해상수출,ocean.html
네덜란드해상운송,ocean.html
네덜란드해운,ocean.html
네덜란드해운수입,ocean.html
네덜란드해운수출,ocean.html
농기계수출,customs.html
뉴욕물류,ocean.html
뉴욕수입,ocean.html
뉴욕수출,ocean.html
뉴욕운송,ocean.html
뉴욕컨테이너,ocean.html
뉴욕컨테이너운송,ocean.html
뉴욕포워더,services.html
뉴욕포워딩,services.html
뉴욕항공수입,air.html
뉴욕항공수출,air.html
뉴욕항공운송,air.html
뉴욕해상수입,ocean.html
뉴욕해상수출,ocean.html
뉴욕해상운송,ocean.html
뉴욕해운,ocean.html
뉴욕해운수입,ocean.html
뉴욕해운수출,ocean.html
닝보물류,ocean.html
닝보수입,ocean.html
닝보수출,ocean.html
닝보운송,ocean.html
닝보컨테이너,ocean.html
닝보컨테이너운송,ocean.html
닝보포워더,services.html
닝보포워딩,services.html
닝보항공수입,air.html
닝보항공수출,air.html
닝보항공운송,air.html
닝보해상수입,ocean.html
닝보해상수출,ocean.html
닝보해상운송,ocean.html
닝보해운,ocean.html
닝보해운수입,ocean.html
닝보해운수출,ocean.html
대만물류,ocean.html
대만수입,ocean.html
대만수출,ocean.html
대만운송,ocean.html
대만컨테이너,ocean.html
대만컨테이너운송,ocean.html
대만포워더,services.html
대만포워딩,services.html
대만항공수입,air.html
대만항공수출,air.html
대만해상수입,ocean.html
대만해상수출,ocean.html
대만해운,ocean.html
대만해운수입,ocean.html
대만해운수출,ocean.html
독일구매대행,services.html
독일물류,ocean.html
독일수입,ocean.html
독일수출,ocean.html
독일운송,ocean.html
독일포워더,services.html
독일포워딩,services.html
독일항공수입,air.html
독일항공수출,air.html
독일항공운송,air.html
독일해상수입,ocean.html
독일해상수출,ocean.html
독일해상운송,ocean.html
독일해운수입,ocean.html
독일해운수출,ocean.html
동남아시아항공수입,air.html
동남아시아항공수출,air.html
동남아시아해상수입,ocean.html
동남아시아해상수출,ocean.html
동남아시아해운수입,ocean.html
동남아시아해운수출,ocean.html
동남아항공수입,air.html
동남아항공수출,air.html
동남아해상수입,ocean.html
동남아해상수출,ocean.html
동남아해운수입,ocean.html
동남아해운수출,ocean.html
두바이물류,ocean.html
두바이수입,ocean.html
두바이수출,ocean.html
두바이운송,ocean.html
두바이컨테이너,ocean.html
두바이컨테이너운송,ocean.html
두바이포워더,services.html
두바이항공수입,air.html
두바이항공수출,air.html
두바이항공운송,air.html
두바이해상수입,ocean.html
두바이해상수출,ocean.html
두바이해상운송,ocean.html
두바이해운,ocean.html
두바이해운수입,ocean.html
두바이해운수출,ocean.html
로테르담물류,ocean.html
로테르담수입,ocean.html
로테르담수출,ocean.html
로테르담운송,ocean.html
로테르담컨테이너,ocean.html
로테르담컨테이너운송,ocean.html
로테르담포워더,services.html
로테르담포워딩,services.html
로테르담항공수입,air.html
로테르담항공수출,air.html
로테르담항공운송,air.html
로테르담해상수입,ocean.html
로테르담해상수출,ocean.html
로테르담해상운송,ocean.html
로테르담해운,ocean.html
로테르담해운수입,ocean.html
로테르담해운수출,ocean.html
리퍼컨테이너,ocean.html
마닐라물류,ocean.html
마닐라수입,ocean.html
마닐라수출,ocean.html
마닐라운송,ocean.html
마닐라컨테이너,ocean.html
마닐라컨테이너운송,ocean.html
마닐라포워더,services.html
마닐라포워딩,services.html
마닐라항공수입,air.html
마닐라항공수출,air.html
마닐라항공운송,air.html
마닐라해상수입,ocean.html
마닐라해상수출,ocean.html
마닐라해상운송,ocean.html
마닐라해운,ocean.html
마닐라해운수입,ocean.html
마닐라해운수출,ocean.html
목재수출포장,services.html
몽골배송,inland.html
몽골수입,ocean.html
몽골수출,ocean.html
몽골수출입,ocean.html
몽골통관,customs.html
무역컨설팅,services.html
물류대행업체,services.html
물류비용,services.html
물류포워딩,services.html
물류회사,services.html
미국물류,ocean.html
미국수입,ocean.html
미국수출,ocean.html
미국운송,ocean.html
미국컨테이너,ocean.html
미국컨테이너운송,ocean.html
미국포워더,services.html
미국포워딩,services.html
미국항공수입,air.html
미국항공수출,air.html
미국항공운송,air.html
미국해상,ocean.html
미국해상수입,ocean.html
미국해상수출,ocean.html
미국해상운송,ocean.html
미국해운,ocean.html
미국해운수입,ocean.html
미국해운수출,ocean.html
미주수입,ocean.html
미주수출,ocean.html
미주수출입,ocean.html
미주항공수입,air.html
미주항공수출,air.html
미주해상수입,ocean.html
미주해상수출,ocean.html
미주해운수입,ocean.html
미주해운수출,ocean.html
반려동물용품수입,customs.html
방콕물류,ocean.html
방콕수입,ocean.html
방콕수출,ocean.html
방콕운송,ocean.html
방콕컨테이너,ocean.html
방콕컨테이너운송,ocean.html
방콕포워더,services.html
방콕포워딩,services.html
방콕항공수입,air.html
방콕항공수출,air.html
방콕항공운송,air.html
방콕해상수입,ocean.html
방콕해상수출,ocean.html
방콕해상운송,ocean.html
방콕해운,ocean.html
방콕해운수입,ocean.html
방콕해운수출,ocean.html
벌크수입,project.html
벌크수출,project.html
벌크수출입,project.html
베트남물류,ocean.html
베트남수입,ocean.html
베트남수출,ocean.html
베트남수출입,ocean.html
베트남운송,ocean.html
베트남컨테이너,ocean.html
베트남컨테이너운송,ocean.html
베트남포워더,services.html
베트남포워딩,services.html
베트남항공수입,air.html
베트남항공수출,air.html
베트남항공운송,air.html
베트남해상수입,ocean.html
베트남해상수출,ocean.html
베트남해상운송,ocean.html
베트남해운,ocean.html
베트남해운수입,ocean.html
베트남해운수출,ocean.html
벨기에물류,ocean.html
벨기에수입,ocean.html
벨기에수출,ocean.html
벨기에운송,ocean.html
벨기에컨테이너,ocean.html
벨기에컨테이너운송,ocean.html
벨기에포워더,services.html
벨기에포워딩,services.html
벨기에항공수입,air.html
벨기에항공수출,air.html
벨기에항공운송,air.html
벨기에해상수입,ocean.html
벨기에해상수출,ocean.html
벨기에해상운송,ocean.html
벨기에해운,ocean.html
벨기에해운수입,ocean.html
벨기에해운수출,ocean.html
부품수입,customs.html
부품수출,customs.html
사우스햄튼물류,ocean.html
사우스햄튼수입,ocean.html
사우스햄튼수출,ocean.html
사우스햄튼운송,ocean.html
사우스햄튼컨테이너,ocean.html
사우스햄튼컨테이너운송,ocean.html
사우스햄튼포워더,services.html
사우스햄튼포워딩,services.html
사우스햄튼항공수입,air.html
사우스햄튼항공수출,air.html
사우스햄튼항공운송,air.html
사우스햄튼해상수입,ocean.html
사우스햄튼해상수출,ocean.html
사우스햄튼해상운송,ocean.html
사우스햄튼해운,ocean.html
사우스햄튼해운수입,ocean.html
사우스햄튼해운수출,ocean.html
삼국간,services.html
삼국간수입,services.html
삼국간수출,services.html
삼국간운송,services.html
상해물류,ocean.html
상해수입,ocean.html
상해수출,ocean.html
상해운송,ocean.html
상해컨테이너,ocean.html
상해컨테이너운송,ocean.html
상해포워더,services.html
상해포워딩,services.html
상해항공수입,air.html
상해항공수출,air.html
상해해상수입,ocean.html
상해해상수출,ocean.html
상해해운,ocean.html
설비수출,project.html
성인용품수입,customs.html
성인용품수출,customs.html
성인용품운송,customs.html
성인용품통관,customs.html
센젠물류,ocean.html
센젠수입,ocean.html
센젠수출,ocean.html
센젠운송,ocean.html
센젠컨테이너,ocean.html
센젠컨테이너운송,ocean.html
센젠포워더,services.html
센젠포워딩,services.html
센젠항공수입,air.html
센젠항공수출,air.html
센젠항공운송,air.html
센젠해상수입,ocean.html
센젠해상수출,ocean.html
센젠해상운송,ocean.html
센젠해운,ocean.html
센젠해운수입,ocean.html
센젠해운수출,ocean.html
수입견적,contact.html
수입물류비용,services.html
수입운송,ocean.html
수입통관,customs.html
수입포워딩,services.html
수입화물,services.html
수출견적,contact.html
수출대행,services.html
수출물류,ocean.html
수출물류비용,services.html
수출우든포장,services.html
수출운송,ocean.html
수출입,ocean.html
수출입통관,customs.html
수출포장,services.html
수출포장업체,services.html
수출화물,services.html
스웨덴물류,ocean.html
스웨덴수입,ocean.html
스웨덴수출,ocean.html
스웨덴운송,ocean.html
스웨덴컨테이너,ocean.html
스웨덴컨테이너운송,ocean.html
스웨덴포워더,services.html
스웨덴포워딩,services.html
스웨덴항공수입,air.html
스웨덴항공수출,air.html
스웨덴항공운송,air.html
스웨덴해상수입,ocean.html
스웨덴해상수출,ocean.html
스웨덴해상운송,ocean.html
스웨덴해운,ocean.html
스웨덴해운수입,ocean.html
스웨덴해운수출,ocean.html
스위스물류,ocean.html
스위스수입,ocean.html
스위스운송,ocean.html
스위스포워더,services.html
스위스항공,air.html
스위스항공선적,air.html
스위스항공수입,air.html
스위스항공운송,air.html
스페인물류,ocean.html
스페인수입,ocean.html
스페인수출,ocean.html
스페인운송,ocean.html
스페인컨테이너,ocean.html
스페인컨테이너운송,ocean.html
스페인포워더,services.html
스페인포워딩,services.html
스페인항공수입,air.html
스페인항공수출,air.html
스페인항공운송,air.html
스페인해상수입,ocean.html
스페인해상수출,ocean.html
스페인해상운송,ocean.html
스페인해운,ocean.html
스페인해운수입,ocean.html
스페인해운수출,ocean.html
시카고물류,ocean.html
시카고수입,ocean.html
시카고수출,ocean.html
시카고운송,ocean.html
시카고컨테이너,ocean.html
시카고컨테이너운송,ocean.html
시카고포워더,services.html
시카고포워딩,services.html
시카고항공수입,air.html
시카고항공수출,air.html
시카고항공운송,air.html
시카고해상수입,ocean.html
시카고해상수출,ocean.html
시카고해상운송,ocean.html
시카고해운,ocean.html
시카고해운수입,ocean.html
시카고해운수출,ocean.html
식품수입,customs.html
식품수출,customs.html
식품수출입,customs.html
심천물류,ocean.html
심천수입,ocean.html
심천수출,ocean.html
심천운송,ocean.html
심천컨테이너,ocean.html
심천컨테이너운송,ocean.html
심천포워더,services.html
심천포워딩,services.html
심천항공수입,air.html
심천항공수출,air.html
심천항공운송,air.html
심천해상수입,ocean.html
심천해상수출,ocean.html
심천해상운송,ocean.html
심천해운,ocean.html
심천해운수입,ocean.html
심천해운수출,ocean.html
싱가포르물류,ocean.html
싱가포르수입,ocean.html
싱가포르수출,ocean.html
싱가포르운송,ocean.html
싱가포르컨테이너,ocean.html
싱가포르컨테이너운송,ocean.html
싱가포르포워더,services.html
싱가포르포워딩,services.html
싱가포르항공수입,air.html
싱가포르항공수출,air.html
싱가포르항공운송,air.html
싱가포르해상수입,ocean.html
싱가포르해상수출,ocean.html
싱가포르해상운송,ocean.html
싱가포르해운,ocean.html
싱가포르해운수입,ocean.html
싱가포르해운수출,ocean.html
싱가폴물류,ocean.html
싱가폴수입,ocean.html
싱가폴수출,ocean.html
싱가폴운송,ocean.html
싱가폴컨테이너,ocean.html
싱가폴컨테이너운송,ocean.html
싱가폴포워더,services.html
싱가폴포워딩,services.html
싱가폴항공수입,air.html
싱가폴항공수출,air.html
싱가폴항공운송,air.html
싱가폴해상수입,ocean.html
싱가폴해상수출,ocean.html
싱가폴해상운송,ocean.html
싱가폴해운,ocean.html
싱가폴해운수입,ocean.html
싱가폴해운수출,ocean.html
아랍에미레이트물류,ocean.html
아랍에미레이트수입,ocean.html
아랍에미레이트수출,ocean.html
아랍에미레이트운송,ocean.html
아랍에미레이트컨테이너,ocean.html
아랍에미레이트컨테이너운송,ocean.html
아랍에미레이트포워더,services.html
아랍에미레이트포워딩,services.html
아랍에미레이트항공수입,air.html
아랍에미레이트항공수출,air.html
아랍에미레이트항공운송,air.html
아랍에미레이트해상수입,ocean.html
아랍에미레이트해상수출,ocean.html
아랍에미레이트해상운송,ocean.html
아랍에미레이트해운,ocean.html
아랍에미레이트해운수입,ocean.html
아랍에미레이트해운수출,ocean.html
안트워프물류,ocean.html
안트워프수입,ocean.html
안트워프수출,ocean.html
안트워프운송,ocean.html
안트워프컨테이너,ocean.html
안트워프컨테이너운송,ocean.html
안트워프포워더,services.html
안트워프포워딩,services.html
안트워프항공수입,air.html
안트워프항공수출,air.html
안트워프항공운송,air.html
안트워프해상수입,ocean.html
안트워프해상수출,ocean.html
안트워프해상운송,ocean.html
안트워프해운,ocean.html
안트워프해운수입,ocean.html
안트워프해운수출,ocean.html
애견용품수입,customs.html
영국수입,ocean.html
영국수출,ocean.html
영국운송,ocean.html
영국포워더,services.html
영국포워딩,services.html
영국항공수입,air.html
영국항공수출,air.html
영국항공운송,air.html
영국해상수입,ocean.html
영국해상수출,ocean.html
영국해상운송,ocean.html
영국해운,ocean.html
오데사수입,ocean.html
오데사수출,ocean.html
오사카물류,ocean.html
오사카수입,ocean.html
오사카수출,ocean.html
오사카운송,ocean.html
오사카컨테이너,ocean.html
오사카컨테이너운송,ocean.html
오사카포워더,services.html
오사카포워딩,services.html
오사카항공수입,air.html
오사카항공수출,air.html
오사카항공운송,air.html
오사카해상수입,ocean.html
오사카해상수출,ocean.html
오사카해상운송,ocean.html
오사카해운,ocean.html
오사카해운수입,ocean.html
오사카해운수출,ocean.html
우즈벡배송,inland.html
우즈벡수출,ocean.html
우즈벡통관,customs.html
유럽구매대행,services.html
유아용품수입,customs.html
의료기기수입,customs.html
의료기기운송,customs.html
이스라엘항공운송,air.html
이탈리아물류,ocean.html
이탈리아수입,ocean.html
이탈리아수출,ocean.html
이탈리아운송,ocean.html
이탈리아컨테이너,ocean.html
이탈리아항공수입,air.html
이탈리아항공수출,air.html
이탈리아해상,ocean.html
이탈리아해상수입,ocean.html
이탈리아해상수출,ocean.html
이탈리아해운,ocean.html
이탈리아해운수입,ocean.html
이탈리아해운수출,ocean.html
인도네시아물류,ocean.html
인도네시아수입,ocean.html
인도네시아수출,ocean.html
인도네시아운송,ocean.html
인도네시아컨테이너,ocean.html
인도네시아컨테이너운송,ocean.html
인도네시아포워더,services.html
인도네시아포워딩,services.html
인도네시아항공수입,air.html
인도네시아항공수출,air.html
인도네시아항공운송,air.html
인도네시아해상수입,ocean.html
인도네시아해상수출,ocean.html
인도네시아해상운송,ocean.html
인도네시아해운,ocean.html
인도네시아해운수입,ocean.html
인도네시아해운수출,ocean.html
인도물류,ocean.html
인도수입,ocean.html
인도수출,ocean.html
인도운송,ocean.html
인도컨테이너,ocean.html
인도컨테이너운송,ocean.html
인도포워더,services.html
인도포워딩,services.html
인도항공수입,air.html
인도항공수출,air.html
인도항공운송,air.html
인도해상수입,ocean.html
인도해상수출,ocean.html
인도해상운송,ocean.html
인도해운,ocean.html
인도해운수입,ocean.html
인도해운수출,ocean.html
일본무역,ocean.html
일본물류,ocean.html
일본수입,ocean.html
일본수출,ocean.html
일본수출입,ocean.html
일본식품수입,customs.html
일본운송,ocean.html
일본컨테이너,ocean.html
일본컨테이너운송,ocean.html
일본포워더,services.html
일본포워딩,services.html
일본항공수입,air.html
일본항공수출,air.html
일본항공운송,air.html
일본해상,ocean.html
일본해상수입,ocean.html
일본해상수출,ocean.html
일본해상운송,ocean.html
일본해운,ocean.html
일본해운수입,ocean.html
일본해운수출,ocean.html
자동차부품수입,customs.html
자동차부품수출,customs.html
자카르타물류,ocean.html
자카르타수입,ocean.html
자카르타수출,ocean.html
자카르타운송,ocean.html
자카르타컨테이너,ocean.html
자카르타컨테이너운송,ocean.html
자카르타포워더,services.html
자카르타포워딩,services.html
자카르타항공수입,air.html
자카르타항공수출,air.html
자카르타항공운송,air.html
자카르타해상수입,ocean.html
자카르타해상수출,ocean.html
자카르타해상운송,ocean.html
자카르타해운,ocean.html
자카르타해운수입,ocean.html
자카르타해운수출,ocean.html
장난감수입,customs.html
장비수입,customs.html
장비수출,customs.html
장비수출입,customs.html
전기용품수입,customs.html
전기용품운송,customs.html
전문포워딩,services.html
제벨알리수입,ocean.html
제벨알리수출,ocean.html
제벨알리운송,ocean.html
제벨알리컨테이너,ocean.html
제벨알리해상,ocean.html
제벨알리해상수입,ocean.html
제벨알리해상수출,ocean.html
중국물류,ocean.html
중국수입,ocean.html
중국수출,ocean.html
중국수출입,ocean.html
중국운송,ocean.html
중국컨테이너,ocean.html
중국컨테이너운송,ocean.html
중국포워더,services.html
중국포워딩,services.html
중국항공수입,air.html
중국항공수출,air.html
중국항공운송,air.html
중국해상수입,ocean.html
중국해상수출,ocean.html
중국해상운송,ocean.html
중국해운,ocean.html
중국해운수입,ocean.html
중국해운수출,ocean.html
중장비수입,project.html
중장비수출,project.html
철강수입,project.html
철강수출,project.html
철강수출입,project.html
청도물류,ocean.html
청도수입,ocean.html
청도수출,ocean.html
청도운송,ocean.html
청도컨테이너,ocean.html
청도컨테이너운송,ocean.html
청도포워더,services.html
청도포워딩,services.html
청도항공수입,air.html
청도항공수출,air.html
청도항공운송,air.html
청도해상수입,ocean.html
청도해상수출,ocean.html
청도해상운송,ocean.html
청도해운,ocean.html
청도해운수입,ocean.html
청도해운수출,ocean.html
칭다오물류,ocean.html
칭다오수입,ocean.html
칭다오수출,ocean.html
칭다오운송,ocean.html
칭다오컨테이너,ocean.html
칭다오컨테이너운송,ocean.html
칭다오포워더,services.html
칭다오포워딩,services.html
칭다오항공수입,air.html
칭다오항공수출,air.html
칭다오항공운송,air.html
칭다오해상수입,ocean.html
칭다오해상수출,ocean.html
칭다오해상운송,ocean.html
칭다오해운,ocean.html
칭다오해운수입,ocean.html
칭다오해운수출,ocean.html
캐나다물류,ocean.html
캐나다수입,ocean.html
캐나다수출,ocean.html
캐나다운송,ocean.html
캐나다컨테이너,ocean.html
캐나다컨테이너운송,ocean.html
캐나다포워더,services.html
캐나다포워딩,services.html
캐나다항공수입,air.html
캐나다항공수출,air.html
캐나다항공운송,air.html
캐나다해상수입,ocean.html
캐나다해상수출,ocean.html
캐나다해상운송,ocean.html
캐나다해운,ocean.html
캐나다해운수입,ocean.html
캐나다해운수출,ocean.html
캠핑용품수입,customs.html
코일수입,project.html
코일수출,project.html
코일수출입,project.html
태국물류,ocean.html
태국수입,ocean.html
태국수출,ocean.html
태국운송,ocean.html
태국컨테이너,ocean.html
태국컨테이너운송,ocean.html
태국포워더,services.html
태국포워딩,services.html
태국항공수입,air.html
태국항공수출,air.html
태국항공운송,air.html
태국해상수입,ocean.html
태국해상수출,ocean.html
태국해상운송,ocean.html
태국해운,ocean.html
태국해운수입,ocean.html
태국해운수출,ocean.html
태양광수입,project.html
태양광수출,project.html
태양광운송,project.html
태양광패널수입,project.html
태양광패널수출,project.html
태양광패널운송,project.html
터키수입,ocean.html
터키운송,ocean.html
터키컨테이너,ocean.html
터키컨테이너운송,ocean.html
터키항공수입,air.html
터키해상수입,ocean.html
터키해운,ocean.html
터키해운수입,ocean.html
통관컨설팅,customs.html
파리물류,ocean.html
파리수입,ocean.html
파리수출,ocean.html
파리운송,ocean.html
파리컨테이너,ocean.html
파리컨테이너운송,ocean.html
파리포워더,services.html
파리포워딩,services.html
파리항공수입,air.html
파리항공수출,air.html
파리항공운송,air.html
파리해상수입,ocean.html
파리해상수출,ocean.html
파리해상운송,ocean.html
파리해운,ocean.html
파리해운수입,ocean.html
파리해운수출,ocean.html
팔렛트포장,services.html
펫용품수입,customs.html
포딩업체,services.html
포워더,services.html
포워딩,services.html
포워딩견적,services.html
포워딩비교,services.html
포워딩업무,services.html
포워딩업체,services.html
포워딩전문,services.html
포워딩추천,services.html
포워딩회사,services.html
포장,services.html
폴란드물류,ocean.html
폴란드수입,ocean.html
폴란드수출,ocean.html
폴란드운송,ocean.html
폴란드컨테이너,ocean.html
폴란드컨테이너운송,ocean.html
폴란드포워더,services.html
폴란드포워딩,services.html
폴란드항공수입,air.html
폴란드항공수출,air.html
폴란드항공운송,air.html
폴란드해상수입,ocean.html
폴란드해상수출,ocean.html
폴란드해상운송,ocean.html
폴란드해운,ocean.html
폴란드해운수입,ocean.html
폴란드해운수출,ocean.html
프랑스물류,ocean.html
프랑스수입,ocean.html
프랑스수출,ocean.html
프랑스운송,ocean.html
프랑스컨테이너,ocean.html
프랑스컨테이너운송,ocean.html
프랑스포워더,services.html
프랑스포워딩,services.html
프랑스항공수입,air.html
프랑스항공수출,air.html
프랑스해상수입,ocean.html
프랑스해상수출,ocean.html
프랑스해상운송,ocean.html
프랑스해운수입,ocean.html
프랑스해운수출,ocean.html
필리핀물류,ocean.html
필리핀수입,ocean.html
필리핀수출,ocean.html
필리핀운송,ocean.html
필리핀컨테이너,ocean.html
필리핀컨테이너운송,ocean.html
필리핀포워더,services.html
필리핀포워딩,services.html
필리핀항공수입,air.html
필리핀항공수출,air.html
필리핀항공운송,air.html
필리핀해상수입,ocean.html
필리핀해상수출,ocean.html
필리핀해상운송,ocean.html
필리핀해운,ocean.html
필리핀해운수입,ocean.html
필리핀해운수출,ocean.html
하이퐁물류,ocean.html
하이퐁수입,ocean.html
하이퐁수출,ocean.html
하이퐁운송,ocean.html
하이퐁컨테이너,ocean.html
하이퐁컨테이너운송,ocean.html
하이퐁포워더,services.html
하이퐁포워딩,services.html
하이퐁항공수입,air.html
하이퐁항공수출,air.html
하이퐁항공운송,air.html
하이퐁해상수입,ocean.html
하이퐁해상수출,ocean.html
하이퐁해상운송,ocean.html
하이퐁해운,ocean.html
하이퐁해운수입,ocean.html
하이퐁해운수출,ocean.html
함부르크물류,ocean.html
함부르크수입,ocean.html
함부르크수출,ocean.html
함부르크운송,ocean.html
함부르크컨테이너,ocean.html
함부르크컨테이너운송,ocean.html
함부르크포워더,services.html
함부르크포워딩,services.html
함부르크항공수입,air.html
함부르크항공수출,air.html
함부르크항공운송,air.html
함부르크해상수입,ocean.html
함부르크해상수출,ocean.html
함부르크해상운송,ocean.html
함부르크해운,ocean.html
함부르크해운수입,ocean.html
함부르크해운수출,ocean.html
항공물류,air.html
항공수입,air.html
항공수출,air.html
항공수출입,air.html
항공운송,air.html
항공포워더,air.html
항공포워딩,air.html
항공화물,air.html
항공화물운송,air.html
항공화물운임,air.html
해상수입,ocean.html
해상수입견적,ocean.html
해상수출,ocean.html
해상수출견적,ocean.html
해상수출입,ocean.html
해상운송,ocean.html
해상포워더,ocean.html
해상포워딩,ocean.html
해외구매대행,services.html
해외무역,services.html
해외물류,ocean.html
해외물류대행,services.html
해외수출,ocean.html
해외수출대행해운수출입,ocean.html
해외운송,ocean.html
해외항공화물,air.html
해운항공,air.html
호주물류,ocean.html
호주수입,ocean.html
호주수출,ocean.html
호주운송,ocean.html
호주컨테이너,ocean.html
호주컨테이너운송,ocean.html
호주포워더,services.html
호주포워딩,services.html
호주항공수입,air.html
호주항공운송,air.html
호주해상수입,ocean.html
호주해상수출,ocean.html
호주해상운송,ocean.html
호주해운,ocean.html
호주해운수입,ocean.html
호주해운수출,ocean.html
호치민물류,ocean.html
호치민수입,ocean.html
호치민수출,ocean.html
호치민운송,ocean.html
호치민컨테이너,ocean.html
호치민컨테이너운송,ocean.html
호치민포워더,services.html
호치민포워딩,services.html
호치민항공수입,air.html
호치민항공수출,air.html
호치민항공운송,air.html
호치민해상수입,ocean.html
호치민해상수출,ocean.html
호치민해상운송,ocean.html
호치민해운,ocean.html
호치민해운수입,ocean.html
호치민해운수출,ocean.html
홍콩물류,ocean.html
홍콩수입,ocean.html
홍콩수출,ocean.html
홍콩운송,ocean.html
홍콩컨테이너,ocean.html
홍콩컨테이너운송,ocean.html
홍콩포워더,services.html
홍콩포워딩,services.html
홍콩항공수입,air.html
홍콩항공수출,air.html
홍콩항공운송,air.html
홍콩해상수입,ocean.html
홍콩해상수출,ocean.html
홍콩해상운송,ocean.html
홍콩해운,ocean.html
홍콩해운수입,ocean.html
홍콩해운수출,ocean.html
